<?xml version = '1.0' encoding = 'UTF-8'?>
<Relation class="oracle.dbtools.crest.model.design.logical.Relation" name="Relation_8" directorySegmentName="seg_0" id="00B9FBE9-7AA4-17E2-1027-412B1E7E8C16">
<createdBy>catalinavillacris</createdBy>
<createdTime>2024-08-31 21:13:49 UTC</createdTime>
<ownerDesignName>superALpes</ownerDesignName>
<engineerTo>
<item key="C7B284EF-EC1E-3FDB-F2A8-405BB2FFA784" value="true"/>
</engineerTo>
<sourcePk>A7361B4C-787E-5EE6-2083-5CEABBD43073</sourcePk>
<targetPk>90B2EC71-0570-A676-A32E-A313B3B71EE6</targetPk>
<identifying>false</identifying>
<optionalSource>false</optionalSource>
<optionalTarget>false</optionalTarget>
<sourceCardinality>1</sourceCardinality>
<sourceEntity>5A9CE122-016D-8614-9BD9-789B85109B71</sourceEntity>
<targetCardinalityString>1</targetCardinalityString>
<targetEntity>3E8140C8-EA21-DFCD-BA6B-0D2EB0D7D755</targetEntity>
<transferable>true</transferable>
<deleteRule>NO ACTION</deleteRule>
</Relation>