<?xml version = '1.0' encoding = 'UTF-8'?>
<Relation class="oracle.dbtools.crest.model.design.logical.Relation" name="Relation_5" directorySegmentName="seg_0" id="0FAA5357-1A54-02F3-AA11-0FAA944262E6">
<createdBy>catalinavillacris</createdBy>
<createdTime>2024-08-31 21:11:32 UTC</createdTime>
<ownerDesignName>superALpes</ownerDesignName>
<engineerTo>
<item key="C7B284EF-EC1E-3FDB-F2A8-405BB2FFA784" value="true"/>
</engineerTo>
<sourcePk>02C8759A-C3BE-7692-C985-BC75DA7B5C11</sourcePk>
<identifying>false</identifying>
<optionalSource>false</optionalSource>
<optionalTarget>true</optionalTarget>
<sourceCardinality>1</sourceCardinality>
<sourceEntity>7D49D804-8E27-939C-F61E-6FB6D77810CA</sourceEntity>
<targetCardinalityString>*</targetCardinalityString>
<targetEntity>88F70DB3-63BF-9A21-7EDE-9DB5A89AA38B</targetEntity>
<transferable>true</transferable>
<deleteRule>NO ACTION</deleteRule>
</Relation>