<?xml version = '1.0' encoding = 'UTF-8'?>
<Relation class="oracle.dbtools.crest.model.design.logical.Relation" name="Relation_2" directorySegmentName="seg_0" id="22D58415-64D8-24F4-C836-CD82A22B018F">
<createdBy>catalinavillacris</createdBy>
<createdTime>2024-08-31 21:08:59 UTC</createdTime>
<ownerDesignName>superALpes</ownerDesignName>
<engineerTo>
<item key="C7B284EF-EC1E-3FDB-F2A8-405BB2FFA784" value="true"/>
</engineerTo>
<sourcePk>7ECF7F7F-8C8A-2F70-9307-7DDCA3D2DB77</sourcePk>
<identifying>false</identifying>
<optionalSource>false</optionalSource>
<optionalTarget>false</optionalTarget>
<sourceCardinality>1</sourceCardinality>
<sourceEntity>E82AF260-40C9-5432-7794-BBC1B7761C7D</sourceEntity>
<targetCardinalityString>*</targetCardinalityString>
<targetEntity>C7A74D40-7A75-D2AD-84EA-81C931CB8A95</targetEntity>
<transferable>true</transferable>
<deleteRule>NO ACTION</deleteRule>
</Relation>