<?xml version = '1.0' encoding = 'UTF-8'?>
<Relation class="oracle.dbtools.crest.model.design.logical.Relation" name="Relation_7" directorySegmentName="seg_0" id="411F06DE-ED98-5087-C22C-6DCDF0FFACAE">
<createdBy>catalinavillacris</createdBy>
<createdTime>2024-08-31 21:12:53 UTC</createdTime>
<ownerDesignName>superALpes</ownerDesignName>
<engineerTo>
<item key="C7B284EF-EC1E-3FDB-F2A8-405BB2FFA784" value="true"/>
</engineerTo>
<sourcePk>A95A8D1E-DCC4-326D-E5C8-3E46BBF87012</sourcePk>
<targetPk>A7361B4C-787E-5EE6-2083-5CEABBD43073</targetPk>
<identifying>false</identifying>
<optionalSource>false</optionalSource>
<optionalTarget>false</optionalTarget>
<sourceCardinality>*</sourceCardinality>
<sourceEntity>586E36EA-49D2-E885-0558-F5EC113C04B8</sourceEntity>
<targetCardinalityString>1</targetCardinalityString>
<targetEntity>5A9CE122-016D-8614-9BD9-789B85109B71</targetEntity>
<transferable>true</transferable>
<deleteRule>NO ACTION</deleteRule>
</Relation>