<?xml version = '1.0' encoding = 'UTF-8'?>
<Relation class="oracle.dbtools.crest.model.design.logical.Relation" name="Relation_3" directorySegmentName="seg_0" id="4E3B25BD-B577-2EAE-72CC-EF854FD95020">
<createdBy>catalinavillacris</createdBy>
<createdTime>2024-08-31 21:09:39 UTC</createdTime>
<ownerDesignName>superALpes</ownerDesignName>
<engineerTo>
<item key="C7B284EF-EC1E-3FDB-F2A8-405BB2FFA784" value="true"/>
</engineerTo>
<sourcePk>6FCF07E3-6E36-7A31-B2B0-A0AD064480AA</sourcePk>
<identifying>false</identifying>
<optionalSource>false</optionalSource>
<optionalTarget>false</optionalTarget>
<sourceCardinality>1</sourceCardinality>
<sourceEntity>C7A74D40-7A75-D2AD-84EA-81C931CB8A95</sourceEntity>
<targetCardinalityString>*</targetCardinalityString>
<targetEntity>F30D62C3-3744-F76D-7BE5-BAB52BB86666</targetEntity>
<transferable>true</transferable>
<deleteRule>NO ACTION</deleteRule>
</Relation>