<?xml version = '1.0' encoding = 'UTF-8'?>
<Relation class="oracle.dbtools.crest.model.design.logical.Relation" name="Relation_1" directorySegmentName="seg_0" id="6472D78F-7F2E-B418-3176-588B8A351F87">
<createdBy>catalinavillacris</createdBy>
<createdTime>2024-08-31 21:08:16 UTC</createdTime>
<ownerDesignName>superALpes</ownerDesignName>
<engineerTo>
<item key="C7B284EF-EC1E-3FDB-F2A8-405BB2FFA784" value="true"/>
</engineerTo>
<sourcePk>BD1EB751-EC48-2975-6EEF-C5C84F259800</sourcePk>
<identifying>false</identifying>
<optionalSource>false</optionalSource>
<optionalTarget>true</optionalTarget>
<sourceCardinality>1</sourceCardinality>
<sourceEntity>EB1D9167-CC68-7FFB-B7CF-81CCF61F9291</sourceEntity>
<targetCardinalityString>*</targetCardinalityString>
<targetEntity>E82AF260-40C9-5432-7794-BBC1B7761C7D</targetEntity>
<transferable>true</transferable>
<deleteRule>NO ACTION</deleteRule>
</Relation>