<?xml version = '1.0' encoding = 'UTF-8'?>
<Relation class="oracle.dbtools.crest.model.design.logical.Relation" name="Relation_4" directorySegmentName="seg_0" id="C6805421-161C-3385-8AA1-1C27F8E5E357">
<createdBy>catalinavillacris</createdBy>
<createdTime>2024-08-31 21:10:13 UTC</createdTime>
<ownerDesignName>superALpes</ownerDesignName>
<engineerTo>
<item key="C7B284EF-EC1E-3FDB-F2A8-405BB2FFA784" value="true"/>
</engineerTo>
<sourcePk>335FAC3D-700C-859E-C8AB-FBC5F1AEE333</sourcePk>
<targetPk>C92F673D-FD8D-2CDA-9944-B2F69B4C051E</targetPk>
<identifying>false</identifying>
<optionalSource>false</optionalSource>
<optionalTarget>false</optionalTarget>
<sourceCardinality>1</sourceCardinality>
<sourceEntity>F30D62C3-3744-F76D-7BE5-BAB52BB86666</sourceEntity>
<targetCardinalityString>1</targetCardinalityString>
<targetEntity>88F70DB3-63BF-9A21-7EDE-9DB5A89AA38B</targetEntity>
<transferable>true</transferable>
<deleteRule>NO ACTION</deleteRule>
</Relation>