<?xml version = '1.0' encoding = 'UTF-8'?>
<Relation class="oracle.dbtools.crest.model.design.logical.Relation" name="Relation_6" directorySegmentName="seg_0" id="DB66EE9A-A57C-8F70-DA6D-AA2674FB9E9A">
<createdBy>catalinavillacris</createdBy>
<createdTime>2024-08-31 21:12:21 UTC</createdTime>
<ownerDesignName>superALpes</ownerDesignName>
<engineerTo>
<item key="C7B284EF-EC1E-3FDB-F2A8-405BB2FFA784" value="true"/>
</engineerTo>
<sourcePk>C92F673D-FD8D-2CDA-9944-B2F69B4C051E</sourcePk>
<targetPk>A95A8D1E-DCC4-326D-E5C8-3E46BBF87012</targetPk>
<identifying>false</identifying>
<optionalSource>false</optionalSource>
<optionalTarget>true</optionalTarget>
<sourceCardinality>1</sourceCardinality>
<sourceEntity>88F70DB3-63BF-9A21-7EDE-9DB5A89AA38B</sourceEntity>
<targetCardinalityString>1</targetCardinalityString>
<targetEntity>586E36EA-49D2-E885-0558-F5EC113C04B8</targetEntity>
<transferable>true</transferable>
<deleteRule>NO ACTION</deleteRule>
</Relation>