<?xml version = '1.0' encoding = 'UTF-8'?>
<Diagram class="oracle.dbtools.crest.swingui.logical.DPVLogical" name="Logical" id="142101DB-02EE-7CD4-457A-C9603F4EF6BE">
<createdBy>catalinavillacris</createdBy>
<modifiedBy>catalinavillacris</modifiedBy>
<createdTime>2024-08-31 20:49:03 UTC</createdTime>
<autoRoute>false</autoRoute>
<boxInbox>true</boxInbox>
<showLegend>false</showLegend>
<showLabels>false</showLabels>
<showRelAttributes>false</showRelAttributes>
<gridEnabled>false</gridEnabled>
<showGrid>false</showGrid>
<diagramColor>-1</diagramColor>
<display>false</display>
<notation>1</notation>
<objectViews>
<OView class="oracle.dbtools.crest.swingui.logical.TVEntity" oid="3E8140C8-EA21-DFCD-BA6B-0D2EB0D7D755" otype="Entity" vid="B2634921-13EA-1CD2-B4C1-5FF086632CC3">
<hideElementsInCurrentOnly>false</hideElementsInCurrentOnly>
<bounds x="1436" y="653" width="170" height="110"/>
</OView>
<OView class="oracle.dbtools.crest.swingui.logical.TVEntity" oid="586E36EA-49D2-E885-0558-F5EC113C04B8" otype="Entity" vid="AA4B53F0-8EE5-1A28-7975-3D9564A02CA3">
<hideElementsInCurrentOnly>false</hideElementsInCurrentOnly>
<bounds x="1432" y="316" width="172" height="81"/>
</OView>
<OView class="oracle.dbtools.crest.swingui.logical.TVEntity" oid="5A9CE122-016D-8614-9BD9-789B85109B71" otype="Entity" vid="6D2FC3F2-7411-6C02-63A6-0C0C31E72BC3">
<hideElementsInCurrentOnly>false</hideElementsInCurrentOnly>
<bounds x="1433" y="470" width="170" height="110"/>
</OView>
<OView class="oracle.dbtools.crest.swingui.logical.TVEntity" oid="7D49D804-8E27-939C-F61E-6FB6D77810CA" otype="Entity" vid="A345F0B3-5910-0BA0-BCD7-6AAF47BCBB4D">
<hideElementsInCurrentOnly>false</hideElementsInCurrentOnly>
<bounds x="1086" y="101" width="173" height="96"/>
</OView>
<OView class="oracle.dbtools.crest.swingui.logical.TVEntity" oid="88F70DB3-63BF-9A21-7EDE-9DB5A89AA38B" otype="Entity" vid="5492A3D5-3E93-B619-E8F6-01742A6D545A">
<hideElementsInCurrentOnly>false</hideElementsInCurrentOnly>
<bounds x="1053" y="277" width="247" height="164"/>
</OView>
<OView class="oracle.dbtools.crest.swingui.logical.TVEntity" oid="C7A74D40-7A75-D2AD-84EA-81C931CB8A95" otype="Entity" vid="76AEFFD6-EDCC-DA01-D241-99AE80656871">
<hideElementsInCurrentOnly>false</hideElementsInCurrentOnly>
<bounds x="777" y="523" width="173" height="94"/>
</OView>
<OView class="oracle.dbtools.crest.swingui.logical.TVEntity" oid="E82AF260-40C9-5432-7794-BBC1B7761C7D" otype="Entity" vid="0BAA9B70-1E3C-8DDE-EE8A-89676A2F0527">
<hideElementsInCurrentOnly>false</hideElementsInCurrentOnly>
<bounds x="774" y="339" width="170" height="111"/>
</OView>
<OView class="oracle.dbtools.crest.swingui.logical.TVEntity" oid="EB1D9167-CC68-7FFB-B7CF-81CCF61F9291" otype="Entity" vid="B564B0A0-944A-88C5-7F8E-69BC9B644C05">
<hideElementsInCurrentOnly>false</hideElementsInCurrentOnly>
<bounds x="509" y="358" width="161" height="62"/>
</OView>
<OView class="oracle.dbtools.crest.swingui.logical.TVEntity" oid="F30D62C3-3744-F76D-7BE5-BAB52BB86666" otype="Entity" vid="0086AFC1-6ED8-C20F-450F-3722FDC63665">
<hideElementsInCurrentOnly>false</hideElementsInCurrentOnly>
<bounds x="1072" y="526" width="163" height="81"/>
</OView>
</objectViews>
<connectors>
<Connector class="oracle.dbtools.crest.swingui.logical.TVRelation" oid="00B9FBE9-7AA4-17E2-1027-412B1E7E8C16" otype="Relation" vid_source="6D2FC3F2-7411-6C02-63A6-0C0C31E72BC3" vid_target="B2634921-13EA-1CD2-B4C1-5FF086632CC3">
<hideElementsInCurrentOnly>false</hideElementsInCurrentOnly>
<backgroundColor>-16777216</backgroundColor>
<lineWidth>1</lineWidth>
<points>
<point x="1519" y="580"/>
<point x="1519" y="653"/>
</points>
</Connector>
<Connector class="oracle.dbtools.crest.swingui.logical.TVRelation" oid="0FAA5357-1A54-02F3-AA11-0FAA944262E6" otype="Relation" vid_source="A345F0B3-5910-0BA0-BCD7-6AAF47BCBB4D" vid_target="5492A3D5-3E93-B619-E8F6-01742A6D545A">
<hideElementsInCurrentOnly>false</hideElementsInCurrentOnly>
<backgroundColor>-16777216</backgroundColor>
<lineWidth>1</lineWidth>
<points>
<point x="1172" y="197"/>
<point x="1172" y="277"/>
</points>
</Connector>
<Connector class="oracle.dbtools.crest.swingui.logical.TVRelation" oid="22D58415-64D8-24F4-C836-CD82A22B018F" otype="Relation" vid_source="0BAA9B70-1E3C-8DDE-EE8A-89676A2F0527" vid_target="76AEFFD6-EDCC-DA01-D241-99AE80656871">
<hideElementsInCurrentOnly>false</hideElementsInCurrentOnly>
<backgroundColor>-16777216</backgroundColor>
<lineWidth>1</lineWidth>
<points>
<point x="850" y="213"/>
<point x="850" y="287"/>
</points>
</Connector>
<Connector class="oracle.dbtools.crest.swingui.logical.TVRelation" oid="411F06DE-ED98-5087-C22C-6DCDF0FFACAE" otype="Relation" vid_source="AA4B53F0-8EE5-1A28-7975-3D9564A02CA3" vid_target="6D2FC3F2-7411-6C02-63A6-0C0C31E72BC3">
<hideElementsInCurrentOnly>false</hideElementsInCurrentOnly>
<backgroundColor>-16777216</backgroundColor>
<lineWidth>1</lineWidth>
<points>
<point x="1518" y="397"/>
<point x="1518" y="470"/>
</points>
</Connector>
<Connector class="oracle.dbtools.crest.swingui.logical.TVRelation" oid="4E3B25BD-B577-2EAE-72CC-EF854FD95020" otype="Relation" vid_source="76AEFFD6-EDCC-DA01-D241-99AE80656871" vid_target="0086AFC1-6ED8-C20F-450F-3722FDC63665">
<hideElementsInCurrentOnly>false</hideElementsInCurrentOnly>
<backgroundColor>-16777216</backgroundColor>
<lineWidth>1</lineWidth>
<points>
<point x="940" y="330"/>
<point x="1062" y="330"/>
</points>
</Connector>
<Connector class="oracle.dbtools.crest.swingui.logical.TVRelation" oid="6472D78F-7F2E-B418-3176-588B8A351F87" otype="Relation" vid_source="B564B0A0-944A-88C5-7F8E-69BC9B644C05" vid_target="0BAA9B70-1E3C-8DDE-EE8A-89676A2F0527">
<hideElementsInCurrentOnly>false</hideElementsInCurrentOnly>
<backgroundColor>-16777216</backgroundColor>
<lineWidth>1</lineWidth>
<points>
<point x="660" y="152"/>
<point x="764" y="152"/>
</points>
</Connector>
<Connector class="oracle.dbtools.crest.swingui.logical.TVRelation" oid="C6805421-161C-3385-8AA1-1C27F8E5E357" otype="Relation" vid_source="0086AFC1-6ED8-C20F-450F-3722FDC63665" vid_target="5492A3D5-3E93-B619-E8F6-01742A6D545A">
<hideElementsInCurrentOnly>false</hideElementsInCurrentOnly>
<backgroundColor>-16777216</backgroundColor>
<lineWidth>1</lineWidth>
<points>
<point x="1143" y="290"/>
<point x="1153" y="441"/>
</points>
</Connector>
<Connector class="oracle.dbtools.crest.swingui.logical.TVRelation" oid="DB66EE9A-A57C-8F70-DA6D-AA2674FB9E9A" otype="Relation" vid_source="5492A3D5-3E93-B619-E8F6-01742A6D545A" vid_target="AA4B53F0-8EE5-1A28-7975-3D9564A02CA3">
<hideElementsInCurrentOnly>false</hideElementsInCurrentOnly>
<backgroundColor>-16777216</backgroundColor>
<lineWidth>1</lineWidth>
<points>
<point x="1300" y="356"/>
<point x="1432" y="356"/>
</points>
</Connector>
</connectors>
</Diagram>