<?xml version = '1.0' encoding = 'UTF-8'?>
<relationalModel class="oracle.dbtools.crest.model.design.relational.RelationalDesign" name="Relational_1" id="C7B284EF-EC1E-3FDB-F2A8-405BB2FFA784" mainViewID="4D373912-3734-30D9-E8B4-70A1E461899F">
<createdBy>catalinavillacris</createdBy>
<createdTime>2024-08-31 20:43:24 UTC</createdTime>
<ownerDesignName>superALpes</ownerDesignName>
<shouldBeOpen>false</shouldBeOpen>
<selectedRDBMSSite>32076570-2523-435C-2E92-BF29817DFF70</selectedRDBMSSite>
</relationalModel>