<?xml version = '1.0' encoding = 'UTF-8'?>
<Entity class="oracle.dbtools.crest.model.design.logical.Entity" directorySegmentName="seg_0" id="3E8140C8-EA21-DFCD-BA6B-0D2EB0D7D755" name="Proveedor">
<createdBy>catalinavillacris</createdBy>
<createdTime>2024-08-31 21:06:01 UTC</createdTime>
<ownerDesignName>superALpes</ownerDesignName>
<engineerTo>
<item key="C7B284EF-EC1E-3FDB-F2A8-405BB2FFA784" value="true"/>
</engineerTo>
<adequatelyNormalized>NO</adequatelyNormalized>
<expectedVolumes>0</expectedVolumes>
<fwdEngineeringStrategyName>Single Table</fwdEngineeringStrategyName>
<growthPercent>0</growthPercent>
<growthType>Year</growthType>
<maxVolumes>9999999</maxVolumes>
<minVolumes>0</minVolumes>
<normalForm>Third</normalForm>
<attributes itemClass="oracle.dbtools.crest.model.design.logical.Attribute">
<Attribute name="ID" id="170608B3-C9BD-410D-0AF5-0FFC6C6CF503">
<createdBy>catalinavillacris</createdBy>
<createdTime>2024-08-31 21:06:07 UTC</createdTime>
<ownerDesignName>superALpes</ownerDesignName>
<engineerTo>
<item key="C7B284EF-EC1E-3FDB-F2A8-405BB2FFA784" value="true"/>
</engineerTo>
<use>0</use>
<ownDataTypeParameters>,,</ownDataTypeParameters>
</Attribute>
<Attribute name="NIT" id="E71772AD-A8F8-DDDB-D97E-C386DD33037E">
<createdBy>catalinavillacris</createdBy>
<createdTime>2024-08-31 21:06:11 UTC</createdTime>
<ownerDesignName>superALpes</ownerDesignName>
<engineerTo>
<item key="C7B284EF-EC1E-3FDB-F2A8-405BB2FFA784" value="true"/>
</engineerTo>
<use>0</use>
<ownDataTypeParameters>,,</ownDataTypeParameters>
</Attribute>
<Attribute name="nombre" id="58CAC9A6-46DF-CC73-D897-8C911D3D20E8">
<createdBy>catalinavillacris</createdBy>
<createdTime>2024-08-31 21:06:36 UTC</createdTime>
<ownerDesignName>superALpes</ownerDesignName>
<engineerTo>
<item key="C7B284EF-EC1E-3FDB-F2A8-405BB2FFA784" value="true"/>
</engineerTo>
<use>0</use>
<ownDataTypeParameters>,,</ownDataTypeParameters>
</Attribute>
<Attribute name="direccion" id="E3DB5230-DF6D-60E6-BBEE-8E876E2548B2">
<createdBy>catalinavillacris</createdBy>
<createdTime>2024-08-31 21:06:47 UTC</createdTime>
<ownerDesignName>superALpes</ownerDesignName>
<engineerTo>
<item key="C7B284EF-EC1E-3FDB-F2A8-405BB2FFA784" value="true"/>
</engineerTo>
<use>0</use>
<ownDataTypeParameters>,,</ownDataTypeParameters>
</Attribute>
<Attribute name="personaContato" id="FD73D4D1-1D3D-8907-62CE-0D8D94FC5C69">
<createdBy>catalinavillacris</createdBy>
<createdTime>2024-08-31 21:06:54 UTC</createdTime>
<ownerDesignName>superALpes</ownerDesignName>
<engineerTo>
<item key="C7B284EF-EC1E-3FDB-F2A8-405BB2FFA784" value="true"/>
</engineerTo>
<use>0</use>
<ownDataTypeParameters>,,</ownDataTypeParameters>
</Attribute>
<Attribute name="telefonoContacto" id="9D2CD595-68FD-02F9-A01C-C679A96E7729">
<createdBy>catalinavillacris</createdBy>
<createdTime>2024-08-31 21:07:02 UTC</createdTime>
<ownerDesignName>superALpes</ownerDesignName>
<engineerTo>
<item key="C7B284EF-EC1E-3FDB-F2A8-405BB2FFA784" value="true"/>
</engineerTo>
<use>0</use>
<ownDataTypeParameters>,,</ownDataTypeParameters>
</Attribute>
<Attribute name="ID1" id="CA419A89-EFA1-BD9F-554F-998A87D43A14">
<createdBy>catalinavillacris</createdBy>
<createdTime>2024-08-31 21:13:49 UTC</createdTime>
<generatorID>00B9FBE9-7AA4-17E2-1027-412B1E7E8C16</generatorID>
<ownerDesignName>superALpes</ownerDesignName>
<engineerTo>
<item key="C7B284EF-EC1E-3FDB-F2A8-405BB2FFA784" value="true"/>
</engineerTo>
<referedAttribute>A1A77F02-9695-C22C-E027-E5E90C5F1B02</referedAttribute>
<use>0</use>
<ownDataTypeParameters>,,</ownDataTypeParameters>
</Attribute>
</attributes>
<identifiers itemClass="oracle.dbtools.crest.model.design.logical.CandidateKey">
<identifier id="90B2EC71-0570-A676-A32E-A313B3B71EE6" name="Proveedor PK">
<createdBy>catalinavillacris</createdBy>
<createdTime>2024-08-31 21:06:09 UTC</createdTime>
<ownerDesignName>superALpes</ownerDesignName>
<engineerTo>
<item key="C7B284EF-EC1E-3FDB-F2A8-405BB2FFA784" value="true"/>
</engineerTo>
<pk>true</pk>
<usedAttributes>
<attributeRef>170608B3-C9BD-410D-0AF5-0FFC6C6CF503</attributeRef>
</usedAttributes>
</identifier>
</identifiers>
</Entity>