<?xml version = '1.0' encoding = 'UTF-8'?>
<Entity class="oracle.dbtools.crest.model.design.logical.Entity" directorySegmentName="seg_0" id="586E36EA-49D2-E885-0558-F5EC113C04B8" name="OrdenCompraProducto">
<createdBy>catalinavillacris</createdBy>
<createdTime>2024-08-31 21:02:48 UTC</createdTime>
<ownerDesignName>superALpes</ownerDesignName>
<engineerTo>
<item key="C7B284EF-EC1E-3FDB-F2A8-405BB2FFA784" value="true"/>
</engineerTo>
<adequatelyNormalized>NO</adequatelyNormalized>
<expectedVolumes>0</expectedVolumes>
<fwdEngineeringStrategyName>Single Table</fwdEngineeringStrategyName>
<growthPercent>0</growthPercent>
<growthType>Year</growthType>
<maxVolumes>9999999</maxVolumes>
<minVolumes>0</minVolumes>
<normalForm>Third</normalForm>
<attributes itemClass="oracle.dbtools.crest.model.design.logical.Attribute">
<Attribute name="ID" id="0EF91CD1-D20E-4866-6744-2E41D1B152E8">
<createdBy>catalinavillacris</createdBy>
<createdTime>2024-08-31 21:03:11 UTC</createdTime>
<ownerDesignName>superALpes</ownerDesignName>
<engineerTo>
<item key="C7B284EF-EC1E-3FDB-F2A8-405BB2FFA784" value="true"/>
</engineerTo>
<use>0</use>
<ownDataTypeParameters>,,</ownDataTypeParameters>
</Attribute>
<Attribute name="cantidad" id="CA715E21-2ED1-1BC6-05C1-0D5DA59F1165">
<createdBy>catalinavillacris</createdBy>
<createdTime>2024-08-31 21:03:15 UTC</createdTime>
<ownerDesignName>superALpes</ownerDesignName>
<engineerTo>
<item key="C7B284EF-EC1E-3FDB-F2A8-405BB2FFA784" value="true"/>
</engineerTo>
<use>0</use>
<ownDataTypeParameters>,,</ownDataTypeParameters>
</Attribute>
<Attribute name="precioAcordado" id="6270A4BE-0530-0AD2-D044-5111C6E60EA7">
<createdBy>catalinavillacris</createdBy>
<createdTime>2024-08-31 21:03:50 UTC</createdTime>
<ownerDesignName>superALpes</ownerDesignName>
<engineerTo>
<item key="C7B284EF-EC1E-3FDB-F2A8-405BB2FFA784" value="true"/>
</engineerTo>
<use>0</use>
<ownDataTypeParameters>,,</ownDataTypeParameters>
</Attribute>
<Attribute name="ID1" id="9C7CE3EF-F3A8-BBF9-5D55-96DE77AA62B6">
<createdBy>catalinavillacris</createdBy>
<createdTime>2024-08-31 21:13:34 UTC</createdTime>
<generatorID>411F06DE-ED98-5087-C22C-6DCDF0FFACAE</generatorID>
<ownerDesignName>superALpes</ownerDesignName>
<engineerTo>
<item key="C7B284EF-EC1E-3FDB-F2A8-405BB2FFA784" value="true"/>
</engineerTo>
<referedAttribute>A1A77F02-9695-C22C-E027-E5E90C5F1B02</referedAttribute>
<use>0</use>
<ownDataTypeParameters>,,</ownDataTypeParameters>
</Attribute>
</attributes>
<identifiers itemClass="oracle.dbtools.crest.model.design.logical.CandidateKey">
<identifier id="A95A8D1E-DCC4-326D-E5C8-3E46BBF87012" name="OrdenCompraProducto PK">
<createdBy>catalinavillacris</createdBy>
<createdTime>2024-08-31 21:03:14 UTC</createdTime>
<ownerDesignName>superALpes</ownerDesignName>
<engineerTo>
<item key="C7B284EF-EC1E-3FDB-F2A8-405BB2FFA784" value="true"/>
</engineerTo>
<pk>true</pk>
<usedAttributes>
<attributeRef>0EF91CD1-D20E-4866-6744-2E41D1B152E8</attributeRef>
</usedAttributes>
</identifier>
</identifiers>
</Entity>