<?xml version = '1.0' encoding = 'UTF-8'?>
<Entity class="oracle.dbtools.crest.model.design.logical.Entity" directorySegmentName="seg_0" id="5A9CE122-016D-8614-9BD9-789B85109B71" name="OrdenCompra">
<createdBy>catalinavillacris</createdBy>
<createdTime>2024-08-31 21:05:23 UTC</createdTime>
<ownerDesignName>superALpes</ownerDesignName>
<engineerTo>
<item key="C7B284EF-EC1E-3FDB-F2A8-405BB2FFA784" value="true"/>
</engineerTo>
<adequatelyNormalized>NO</adequatelyNormalized>
<expectedVolumes>0</expectedVolumes>
<fwdEngineeringStrategyName>Single Table</fwdEngineeringStrategyName>
<growthPercent>0</growthPercent>
<growthType>Year</growthType>
<maxVolumes>9999999</maxVolumes>
<minVolumes>0</minVolumes>
<normalForm>Third</normalForm>
<attributes itemClass="oracle.dbtools.crest.model.design.logical.Attribute">
<Attribute name="ID" id="A1A77F02-9695-C22C-E027-E5E90C5F1B02">
<createdBy>catalinavillacris</createdBy>
<createdTime>2024-08-31 21:05:32 UTC</createdTime>
<ownerDesignName>superALpes</ownerDesignName>
<engineerTo>
<item key="C7B284EF-EC1E-3FDB-F2A8-405BB2FFA784" value="true"/>
</engineerTo>
<use>0</use>
<ownDataTypeParameters>,,</ownDataTypeParameters>
</Attribute>
<Attribute name="fechaEntrega" id="861FDC4E-1159-78ED-D0D0-66645B8C810B">
<createdBy>catalinavillacris</createdBy>
<createdTime>2024-08-31 21:05:36 UTC</createdTime>
<ownerDesignName>superALpes</ownerDesignName>
<engineerTo>
<item key="C7B284EF-EC1E-3FDB-F2A8-405BB2FFA784" value="true"/>
</engineerTo>
<use>0</use>
<ownDataTypeParameters>,,</ownDataTypeParameters>
</Attribute>
<Attribute name="estado" id="BDD5B793-BEFE-DC83-C9B8-C43D192F6ADF">
<createdBy>catalinavillacris</createdBy>
<createdTime>2024-08-31 21:05:49 UTC</createdTime>
<ownerDesignName>superALpes</ownerDesignName>
<engineerTo>
<item key="C7B284EF-EC1E-3FDB-F2A8-405BB2FFA784" value="true"/>
</engineerTo>
<use>0</use>
<ownDataTypeParameters>,,</ownDataTypeParameters>
</Attribute>
<Attribute name="ID1" id="1C7676A4-6349-6D64-3A4B-DADCE28708C0">
<createdBy>catalinavillacris</createdBy>
<createdTime>2024-09-01 00:07:25 UTC</createdTime>
<generatorID>00B9FBE9-7AA4-17E2-1027-412B1E7E8C16</generatorID>
<ownerDesignName>superALpes</ownerDesignName>
<engineerTo>
<item key="C7B284EF-EC1E-3FDB-F2A8-405BB2FFA784" value="true"/>
</engineerTo>
<referedAttribute>170608B3-C9BD-410D-0AF5-0FFC6C6CF503</referedAttribute>
<use>0</use>
<ownDataTypeParameters>,,</ownDataTypeParameters>
</Attribute>
</attributes>
<identifiers itemClass="oracle.dbtools.crest.model.design.logical.CandidateKey">
<identifier id="A7361B4C-787E-5EE6-2083-5CEABBD43073" name="OrdenCompra PK">
<createdBy>catalinavillacris</createdBy>
<createdTime>2024-08-31 21:05:35 UTC</createdTime>
<ownerDesignName>superALpes</ownerDesignName>
<engineerTo>
<item key="C7B284EF-EC1E-3FDB-F2A8-405BB2FFA784" value="true"/>
</engineerTo>
<pk>true</pk>
<usedAttributes>
<attributeRef>A1A77F02-9695-C22C-E027-E5E90C5F1B02</attributeRef>
</usedAttributes>
</identifier>
</identifiers>
</Entity>