<?xml version = '1.0' encoding = 'UTF-8'?>
<Entity class="oracle.dbtools.crest.model.design.logical.Entity" directorySegmentName="seg_0" id="7D49D804-8E27-939C-F61E-6FB6D77810CA" name="Categoria">
<createdBy>catalinavillacris</createdBy>
<createdTime>2024-08-31 21:04:03 UTC</createdTime>
<ownerDesignName>superALpes</ownerDesignName>
<engineerTo>
<item key="C7B284EF-EC1E-3FDB-F2A8-405BB2FFA784" value="true"/>
</engineerTo>
<adequatelyNormalized>NO</adequatelyNormalized>
<expectedVolumes>0</expectedVolumes>
<fwdEngineeringStrategyName>Single Table</fwdEngineeringStrategyName>
<growthPercent>0</growthPercent>
<growthType>Year</growthType>
<maxVolumes>9999999</maxVolumes>
<minVolumes>0</minVolumes>
<normalForm>Third</normalForm>
<attributes itemClass="oracle.dbtools.crest.model.design.logical.Attribute">
<Attribute name="ID" id="3189EFAC-F576-0CE1-4904-C9A53E97832B">
<createdBy>catalinavillacris</createdBy>
<createdTime>2024-08-31 21:04:15 UTC</createdTime>
<ownerDesignName>superALpes</ownerDesignName>
<engineerTo>
<item key="C7B284EF-EC1E-3FDB-F2A8-405BB2FFA784" value="true"/>
</engineerTo>
<use>0</use>
<ownDataTypeParameters>,,</ownDataTypeParameters>
</Attribute>
<Attribute name="nombre" id="D8571F7A-1C88-A025-C490-4423583101C2">
<createdBy>catalinavillacris</createdBy>
<createdTime>2024-08-31 21:04:18 UTC</createdTime>
<ownerDesignName>superALpes</ownerDesignName>
<engineerTo>
<item key="C7B284EF-EC1E-3FDB-F2A8-405BB2FFA784" value="true"/>
</engineerTo>
<use>0</use>
<ownDataTypeParameters>,,</ownDataTypeParameters>
</Attribute>
<Attribute name="descripcion" id="9C2DDEE5-842C-0905-27A3-017C26B79915">
<createdBy>catalinavillacris</createdBy>
<createdTime>2024-08-31 21:04:54 UTC</createdTime>
<ownerDesignName>superALpes</ownerDesignName>
<engineerTo>
<item key="C7B284EF-EC1E-3FDB-F2A8-405BB2FFA784" value="true"/>
</engineerTo>
<use>0</use>
<ownDataTypeParameters>,,</ownDataTypeParameters>
</Attribute>
<Attribute name="almacenamiento" id="46E67E75-DD92-53E0-1331-F6D83C871FC1">
<createdBy>catalinavillacris</createdBy>
<createdTime>2024-08-31 21:05:10 UTC</createdTime>
<ownerDesignName>superALpes</ownerDesignName>
<engineerTo>
<item key="C7B284EF-EC1E-3FDB-F2A8-405BB2FFA784" value="true"/>
</engineerTo>
<use>0</use>
<ownDataTypeParameters>,,</ownDataTypeParameters>
</Attribute>
</attributes>
<identifiers itemClass="oracle.dbtools.crest.model.design.logical.CandidateKey">
<identifier id="02C8759A-C3BE-7692-C985-BC75DA7B5C11" name="Categoria PK">
<createdBy>catalinavillacris</createdBy>
<createdTime>2024-08-31 21:04:17 UTC</createdTime>
<ownerDesignName>superALpes</ownerDesignName>
<engineerTo>
<item key="C7B284EF-EC1E-3FDB-F2A8-405BB2FFA784" value="true"/>
</engineerTo>
<pk>true</pk>
<usedAttributes>
<attributeRef>3189EFAC-F576-0CE1-4904-C9A53E97832B</attributeRef>
</usedAttributes>
</identifier>
</identifiers>
</Entity>