<?xml version = '1.0' encoding = 'UTF-8'?>
<Entity class="oracle.dbtools.crest.model.design.logical.Entity" directorySegmentName="seg_0" id="88F70DB3-63BF-9A21-7EDE-9DB5A89AA38B" name="Producto">
<createdBy>catalinavillacris</createdBy>
<createdTime>2024-08-31 20:49:03 UTC</createdTime>
<ownerDesignName>superALpes</ownerDesignName>
<engineerTo>
<item key="C7B284EF-EC1E-3FDB-F2A8-405BB2FFA784" value="true"/>
</engineerTo>
<adequatelyNormalized>NO</adequatelyNormalized>
<expectedVolumes>0</expectedVolumes>
<fwdEngineeringStrategyName>Single Table</fwdEngineeringStrategyName>
<growthPercent>0</growthPercent>
<growthType>Year</growthType>
<maxVolumes>9999999</maxVolumes>
<minVolumes>0</minVolumes>
<normalForm>Third</normalForm>
<attributes itemClass="oracle.dbtools.crest.model.design.logical.Attribute">
<Attribute name="ID" id="8BA0BBC7-F7EA-BBB9-86AC-68EADF1300AB">
<createdBy>catalinavillacris</createdBy>
<createdTime>2024-08-31 20:49:14 UTC</createdTime>
<ownerDesignName>superALpes</ownerDesignName>
<engineerTo>
<item key="C7B284EF-EC1E-3FDB-F2A8-405BB2FFA784" value="true"/>
</engineerTo>
<useDomainConstraints>false</useDomainConstraints>
<use>1</use>
<logicalDatatype>LOGDT019</logicalDatatype>
<ownDataTypeParameters>,,</ownDataTypeParameters>
</Attribute>
<Attribute name="nombre" id="737D8AC0-B63D-10CF-BFB4-74ED0A093409">
<createdBy>catalinavillacris</createdBy>
<createdTime>2024-08-31 20:50:49 UTC</createdTime>
<ownerDesignName>superALpes</ownerDesignName>
<engineerTo>
<item key="C7B284EF-EC1E-3FDB-F2A8-405BB2FFA784" value="true"/>
</engineerTo>
<useDomainConstraints>false</useDomainConstraints>
<use>1</use>
<logicalDatatype>LOGDT040</logicalDatatype>
<ownDataTypeParameters>,,</ownDataTypeParameters>
</Attribute>
<Attribute name="costo" id="BD0078E0-40BB-ED2B-8634-A6F70EED1E0A">
<createdBy>catalinavillacris</createdBy>
<createdTime>2024-08-31 20:51:08 UTC</createdTime>
<ownerDesignName>superALpes</ownerDesignName>
<engineerTo>
<item key="C7B284EF-EC1E-3FDB-F2A8-405BB2FFA784" value="true"/>
</engineerTo>
<useDomainConstraints>false</useDomainConstraints>
<use>1</use>
<logicalDatatype>LOGDT019</logicalDatatype>
<ownDataTypeParameters>,,</ownDataTypeParameters>
</Attribute>
<Attribute name="cantidadPresentacion" id="AAAAB0B8-0865-44A3-9E5A-521A6BE2F4EC">
<createdBy>catalinavillacris</createdBy>
<createdTime>2024-08-31 20:51:22 UTC</createdTime>
<ownerDesignName>superALpes</ownerDesignName>
<engineerTo>
<item key="C7B284EF-EC1E-3FDB-F2A8-405BB2FFA784" value="true"/>
</engineerTo>
<useDomainConstraints>false</useDomainConstraints>
<use>1</use>
<logicalDatatype>LOGDT019</logicalDatatype>
<ownDataTypeParameters>,,</ownDataTypeParameters>
</Attribute>
<Attribute name="unidadMedida" id="C0A64155-CEA7-1B07-4397-813074E56B6C">
<createdBy>catalinavillacris</createdBy>
<createdTime>2024-08-31 20:51:41 UTC</createdTime>
<ownerDesignName>superALpes</ownerDesignName>
<engineerTo>
<item key="C7B284EF-EC1E-3FDB-F2A8-405BB2FFA784" value="true"/>
</engineerTo>
<useDomainConstraints>false</useDomainConstraints>
<use>1</use>
<logicalDatatype>LOGDT040</logicalDatatype>
<ownDataTypeParameters>,,</ownDataTypeParameters>
</Attribute>
<Attribute name="fechaVencimiento" id="B5A91384-B1FE-7437-39A6-9219163CD686">
<createdBy>catalinavillacris</createdBy>
<createdTime>2024-08-31 20:53:52 UTC</createdTime>
<ownerDesignName>superALpes</ownerDesignName>
<engineerTo>
<item key="C7B284EF-EC1E-3FDB-F2A8-405BB2FFA784" value="true"/>
</engineerTo>
<use>0</use>
<ownDataTypeParameters>,,</ownDataTypeParameters>
</Attribute>
<Attribute name="codigoBarras" id="26ECC8C1-C08A-2BA8-BFFB-107A436EBCC5">
<createdBy>catalinavillacris</createdBy>
<createdTime>2024-08-31 20:54:17 UTC</createdTime>
<ownerDesignName>superALpes</ownerDesignName>
<engineerTo>
<item key="C7B284EF-EC1E-3FDB-F2A8-405BB2FFA784" value="true"/>
</engineerTo>
<use>0</use>
<ownDataTypeParameters>,,</ownDataTypeParameters>
</Attribute>
<Attribute name="peso" id="567FDB49-4871-07F2-92E4-95DFDB67838E">
<createdBy>catalinavillacris</createdBy>
<createdTime>2024-08-31 20:54:31 UTC</createdTime>
<ownerDesignName>superALpes</ownerDesignName>
<engineerTo>
<item key="C7B284EF-EC1E-3FDB-F2A8-405BB2FFA784" value="true"/>
</engineerTo>
<use>0</use>
<ownDataTypeParameters>,,</ownDataTypeParameters>
</Attribute>
<Attribute name="volumen" id="035F6A32-34A7-A008-0671-E2C5B6DA7107">
<createdBy>catalinavillacris</createdBy>
<createdTime>2024-08-31 20:54:40 UTC</createdTime>
<ownerDesignName>superALpes</ownerDesignName>
<engineerTo>
<item key="C7B284EF-EC1E-3FDB-F2A8-405BB2FFA784" value="true"/>
</engineerTo>
<use>0</use>
<ownDataTypeParameters>,,</ownDataTypeParameters>
</Attribute>
<Attribute name="ID1" id="70D0F066-D3E7-16A4-C67C-E749BFB338B9">
<createdBy>catalinavillacris</createdBy>
<createdTime>2024-08-31 21:10:13 UTC</createdTime>
<generatorID>C6805421-161C-3385-8AA1-1C27F8E5E357</generatorID>
<ownerDesignName>superALpes</ownerDesignName>
<engineerTo>
<item key="C7B284EF-EC1E-3FDB-F2A8-405BB2FFA784" value="true"/>
</engineerTo>
<referedAttribute>CE38BDE6-0475-9026-8F0E-DCB7E2E10A52</referedAttribute>
<use>0</use>
<ownDataTypeParameters>,,</ownDataTypeParameters>
</Attribute>
<Attribute name="ID2" id="5CE4AC37-4711-726D-F68E-6ECB57455327">
<createdBy>catalinavillacris</createdBy>
<createdTime>2024-08-31 21:11:32 UTC</createdTime>
<generatorID>0FAA5357-1A54-02F3-AA11-0FAA944262E6</generatorID>
<ownerDesignName>superALpes</ownerDesignName>
<engineerTo>
<item key="C7B284EF-EC1E-3FDB-F2A8-405BB2FFA784" value="true"/>
</engineerTo>
<nullsAllowed>true</nullsAllowed>
<referedAttribute>3189EFAC-F576-0CE1-4904-C9A53E97832B</referedAttribute>
<use>0</use>
<ownDataTypeParameters>,,</ownDataTypeParameters>
</Attribute>
<Attribute name="ID3" id="637B1E54-3903-BA4E-7B7B-C810235632ED">
<createdBy>catalinavillacris</createdBy>
<createdTime>2024-08-31 21:12:32 UTC</createdTime>
<generatorID>DB66EE9A-A57C-8F70-DA6D-AA2674FB9E9A</generatorID>
<ownerDesignName>superALpes</ownerDesignName>
<engineerTo>
<item key="C7B284EF-EC1E-3FDB-F2A8-405BB2FFA784" value="true"/>
</engineerTo>
<referedAttribute>0EF91CD1-D20E-4866-6744-2E41D1B152E8</referedAttribute>
<use>0</use>
<ownDataTypeParameters>,,</ownDataTypeParameters>
</Attribute>
</attributes>
<identifiers itemClass="oracle.dbtools.crest.model.design.logical.CandidateKey">
<identifier id="C92F673D-FD8D-2CDA-9944-B2F69B4C051E" name="Producto PK">
<createdBy>catalinavillacris</createdBy>
<createdTime>2024-08-31 20:49:22 UTC</createdTime>
<ownerDesignName>superALpes</ownerDesignName>
<engineerTo>
<item key="C7B284EF-EC1E-3FDB-F2A8-405BB2FFA784" value="true"/>
</engineerTo>
<pk>true</pk>
<usedAttributes>
<attributeRef>8BA0BBC7-F7EA-BBB9-86AC-68EADF1300AB</attributeRef>
</usedAttributes>
</identifier>
</identifiers>
</Entity>