<?xml version = '1.0' encoding = 'UTF-8'?>
<Entity class="oracle.dbtools.crest.model.design.logical.Entity" directorySegmentName="seg_0" id="C7A74D40-7A75-D2AD-84EA-81C931CB8A95" name="Bodega">
<createdBy>catalinavillacris</createdBy>
<createdTime>2024-08-31 21:00:13 UTC</createdTime>
<ownerDesignName>superALpes</ownerDesignName>
<engineerTo>
<item key="C7B284EF-EC1E-3FDB-F2A8-405BB2FFA784" value="true"/>
</engineerTo>
<adequatelyNormalized>NO</adequatelyNormalized>
<expectedVolumes>0</expectedVolumes>
<fwdEngineeringStrategyName>Single Table</fwdEngineeringStrategyName>
<growthPercent>0</growthPercent>
<growthType>Year</growthType>
<maxVolumes>9999999</maxVolumes>
<minVolumes>0</minVolumes>
<normalForm>Third</normalForm>
<attributes itemClass="oracle.dbtools.crest.model.design.logical.Attribute">
<Attribute name="ID" id="CE2FF00A-3518-2429-E26F-D78C3D6F3BBA">
<createdBy>catalinavillacris</createdBy>
<createdTime>2024-08-31 21:00:22 UTC</createdTime>
<ownerDesignName>superALpes</ownerDesignName>
<engineerTo>
<item key="C7B284EF-EC1E-3FDB-F2A8-405BB2FFA784" value="true"/>
</engineerTo>
<use>0</use>
<ownDataTypeParameters>,,</ownDataTypeParameters>
</Attribute>
<Attribute name="nombre" id="BE042535-3ED6-0A08-F138-4292900ADE91">
<createdBy>catalinavillacris</createdBy>
<createdTime>2024-08-31 21:00:26 UTC</createdTime>
<ownerDesignName>superALpes</ownerDesignName>
<engineerTo>
<item key="C7B284EF-EC1E-3FDB-F2A8-405BB2FFA784" value="true"/>
</engineerTo>
<use>0</use>
<ownDataTypeParameters>,,</ownDataTypeParameters>
</Attribute>
<Attribute name="tamaño" id="4FBB2C8F-4BAC-7580-FD7F-0F631A5BC7B5">
<createdBy>catalinavillacris</createdBy>
<createdTime>2024-08-31 21:00:43 UTC</createdTime>
<ownerDesignName>superALpes</ownerDesignName>
<engineerTo>
<item key="C7B284EF-EC1E-3FDB-F2A8-405BB2FFA784" value="true"/>
</engineerTo>
<use>0</use>
<ownDataTypeParameters>,,</ownDataTypeParameters>
</Attribute>
<Attribute name="capacidad" id="5D5A1818-ACFA-0152-D885-A339D1145890">
<createdBy>catalinavillacris</createdBy>
<createdTime>2024-08-31 21:00:59 UTC</createdTime>
<ownerDesignName>superALpes</ownerDesignName>
<engineerTo>
<item key="C7B284EF-EC1E-3FDB-F2A8-405BB2FFA784" value="true"/>
</engineerTo>
<use>0</use>
<ownDataTypeParameters>,,</ownDataTypeParameters>
</Attribute>
<Attribute name="ID1" id="1FE6F2D6-A03E-706D-3BC3-01DAA47A6765">
<createdBy>catalinavillacris</createdBy>
<createdTime>2024-08-31 21:08:59 UTC</createdTime>
<generatorID>22D58415-64D8-24F4-C836-CD82A22B018F</generatorID>
<ownerDesignName>superALpes</ownerDesignName>
<engineerTo>
<item key="C7B284EF-EC1E-3FDB-F2A8-405BB2FFA784" value="true"/>
</engineerTo>
<referedAttribute>DBB9EB08-1029-21DC-0BA6-92FF267FC287</referedAttribute>
<use>0</use>
<ownDataTypeParameters>,,</ownDataTypeParameters>
</Attribute>
</attributes>
<identifiers itemClass="oracle.dbtools.crest.model.design.logical.CandidateKey">
<identifier id="6FCF07E3-6E36-7A31-B2B0-A0AD064480AA" name="Bodega PK">
<createdBy>catalinavillacris</createdBy>
<createdTime>2024-08-31 21:00:25 UTC</createdTime>
<ownerDesignName>superALpes</ownerDesignName>
<engineerTo>
<item key="C7B284EF-EC1E-3FDB-F2A8-405BB2FFA784" value="true"/>
</engineerTo>
<pk>true</pk>
<usedAttributes>
<attributeRef>CE2FF00A-3518-2429-E26F-D78C3D6F3BBA</attributeRef>
</usedAttributes>
</identifier>
</identifiers>
</Entity>