<?xml version = '1.0' encoding = 'UTF-8'?>
<Entity class="oracle.dbtools.crest.model.design.logical.Entity" directorySegmentName="seg_0" id="E82AF260-40C9-5432-7794-BBC1B7761C7D" name="Sucursal">
<createdBy>catalinavillacris</createdBy>
<createdTime>2024-08-31 20:55:29 UTC</createdTime>
<ownerDesignName>superALpes</ownerDesignName>
<engineerTo>
<item key="C7B284EF-EC1E-3FDB-F2A8-405BB2FFA784" value="true"/>
</engineerTo>
<adequatelyNormalized>NO</adequatelyNormalized>
<expectedVolumes>0</expectedVolumes>
<fwdEngineeringStrategyName>Single Table</fwdEngineeringStrategyName>
<growthPercent>0</growthPercent>
<growthType>Year</growthType>
<maxVolumes>9999999</maxVolumes>
<minVolumes>0</minVolumes>
<normalForm>Third</normalForm>
<attributes itemClass="oracle.dbtools.crest.model.design.logical.Attribute">
<Attribute name="ID" id="DBB9EB08-1029-21DC-0BA6-92FF267FC287">
<createdBy>catalinavillacris</createdBy>
<createdTime>2024-08-31 20:55:40 UTC</createdTime>
<ownerDesignName>superALpes</ownerDesignName>
<engineerTo>
<item key="C7B284EF-EC1E-3FDB-F2A8-405BB2FFA784" value="true"/>
</engineerTo>
<use>0</use>
<ownDataTypeParameters>,,</ownDataTypeParameters>
</Attribute>
<Attribute name="nombre" id="36E0CA67-94FD-D711-1F18-1051EEA539D5">
<createdBy>catalinavillacris</createdBy>
<createdTime>2024-08-31 20:55:44 UTC</createdTime>
<ownerDesignName>superALpes</ownerDesignName>
<engineerTo>
<item key="C7B284EF-EC1E-3FDB-F2A8-405BB2FFA784" value="true"/>
</engineerTo>
<use>0</use>
<ownDataTypeParameters>,,</ownDataTypeParameters>
</Attribute>
<Attribute name="tamaño" id="EEF14BAE-4E54-085A-FEED-D222BAC1AB5B">
<createdBy>catalinavillacris</createdBy>
<createdTime>2024-08-31 20:55:49 UTC</createdTime>
<ownerDesignName>superALpes</ownerDesignName>
<engineerTo>
<item key="C7B284EF-EC1E-3FDB-F2A8-405BB2FFA784" value="true"/>
</engineerTo>
<use>0</use>
<ownDataTypeParameters>,,</ownDataTypeParameters>
</Attribute>
<Attribute name="direccion" id="287EAE26-9C00-3964-02C6-4E1314E2C54C">
<createdBy>catalinavillacris</createdBy>
<createdTime>2024-08-31 20:56:18 UTC</createdTime>
<ownerDesignName>superALpes</ownerDesignName>
<engineerTo>
<item key="C7B284EF-EC1E-3FDB-F2A8-405BB2FFA784" value="true"/>
</engineerTo>
<use>0</use>
<ownDataTypeParameters>,,</ownDataTypeParameters>
</Attribute>
<Attribute name="telefono" id="2369A1FA-EC02-D8EE-F181-662DF7F69FFC">
<createdBy>catalinavillacris</createdBy>
<createdTime>2024-08-31 20:56:26 UTC</createdTime>
<ownerDesignName>superALpes</ownerDesignName>
<engineerTo>
<item key="C7B284EF-EC1E-3FDB-F2A8-405BB2FFA784" value="true"/>
</engineerTo>
<use>0</use>
<ownDataTypeParameters>,,</ownDataTypeParameters>
</Attribute>
<Attribute name="ID1" id="6BA59B31-C166-69DB-E909-4366AB6D1D1B">
<createdBy>catalinavillacris</createdBy>
<createdTime>2024-08-31 21:08:16 UTC</createdTime>
<generatorID>6472D78F-7F2E-B418-3176-588B8A351F87</generatorID>
<ownerDesignName>superALpes</ownerDesignName>
<engineerTo>
<item key="C7B284EF-EC1E-3FDB-F2A8-405BB2FFA784" value="true"/>
</engineerTo>
<nullsAllowed>true</nullsAllowed>
<referedAttribute>0DC3D424-1BD0-D38B-AB0C-F19EAE91757C</referedAttribute>
<use>0</use>
<ownDataTypeParameters>,,</ownDataTypeParameters>
</Attribute>
</attributes>
<identifiers itemClass="oracle.dbtools.crest.model.design.logical.CandidateKey">
<identifier id="7ECF7F7F-8C8A-2F70-9307-7DDCA3D2DB77" name="Sucursal PK">
<createdBy>catalinavillacris</createdBy>
<createdTime>2024-08-31 20:55:43 UTC</createdTime>
<ownerDesignName>superALpes</ownerDesignName>
<engineerTo>
<item key="C7B284EF-EC1E-3FDB-F2A8-405BB2FFA784" value="true"/>
</engineerTo>
<pk>true</pk>
<usedAttributes>
<attributeRef>DBB9EB08-1029-21DC-0BA6-92FF267FC287</attributeRef>
</usedAttributes>
</identifier>
</identifiers>
</Entity>