<?xml version = '1.0' encoding = 'UTF-8'?>
<Entity class="oracle.dbtools.crest.model.design.logical.Entity" directorySegmentName="seg_0" id="F30D62C3-3744-F76D-7BE5-BAB52BB86666" name="ProductoBodega">
<createdBy>catalinavillacris</createdBy>
<createdTime>2024-08-31 21:01:47 UTC</createdTime>
<ownerDesignName>superALpes</ownerDesignName>
<engineerTo>
<item key="C7B284EF-EC1E-3FDB-F2A8-405BB2FFA784" value="true"/>
</engineerTo>
<adequatelyNormalized>NO</adequatelyNormalized>
<expectedVolumes>0</expectedVolumes>
<fwdEngineeringStrategyName>Single Table</fwdEngineeringStrategyName>
<growthPercent>0</growthPercent>
<growthType>Year</growthType>
<maxVolumes>9999999</maxVolumes>
<minVolumes>0</minVolumes>
<normalForm>Third</normalForm>
<attributes itemClass="oracle.dbtools.crest.model.design.logical.Attribute">
<Attribute name="ID" id="CE38BDE6-0475-9026-8F0E-DCB7E2E10A52">
<createdBy>catalinavillacris</createdBy>
<createdTime>2024-08-31 21:02:01 UTC</createdTime>
<ownerDesignName>superALpes</ownerDesignName>
<engineerTo>
<item key="C7B284EF-EC1E-3FDB-F2A8-405BB2FFA784" value="true"/>
</engineerTo>
<use>0</use>
<ownDataTypeParameters>,,</ownDataTypeParameters>
</Attribute>
<Attribute name="costoBodega" id="7589E97B-930C-CB98-3ECE-5E4E3D267946">
<createdBy>catalinavillacris</createdBy>
<createdTime>2024-08-31 21:02:05 UTC</createdTime>
<ownerDesignName>superALpes</ownerDesignName>
<engineerTo>
<item key="C7B284EF-EC1E-3FDB-F2A8-405BB2FFA784" value="true"/>
</engineerTo>
<use>0</use>
<ownDataTypeParameters>,,</ownDataTypeParameters>
</Attribute>
<Attribute name="nivelMinReorden" id="E4FF07A5-CDF8-FE0B-4FDD-469965545AE2">
<createdBy>catalinavillacris</createdBy>
<createdTime>2024-08-31 21:02:16 UTC</createdTime>
<ownerDesignName>superALpes</ownerDesignName>
<engineerTo>
<item key="C7B284EF-EC1E-3FDB-F2A8-405BB2FFA784" value="true"/>
</engineerTo>
<nullsAllowed>true</nullsAllowed>
<use>0</use>
<ownDataTypeParameters>,,</ownDataTypeParameters>
</Attribute>
<Attribute name="ID1" id="2FA18C4C-A2B3-2A8D-4F5C-28DFFCCC4D8C">
<createdBy>catalinavillacris</createdBy>
<createdTime>2024-08-31 21:09:39 UTC</createdTime>
<generatorID>4E3B25BD-B577-2EAE-72CC-EF854FD95020</generatorID>
<ownerDesignName>superALpes</ownerDesignName>
<engineerTo>
<item key="C7B284EF-EC1E-3FDB-F2A8-405BB2FFA784" value="true"/>
</engineerTo>
<referedAttribute>CE2FF00A-3518-2429-E26F-D78C3D6F3BBA</referedAttribute>
<use>0</use>
<ownDataTypeParameters>,,</ownDataTypeParameters>
</Attribute>
<Attribute name="ID2" id="A4B7FBB8-9987-09D0-3223-3F3CC33478A5">
<createdBy>catalinavillacris</createdBy>
<createdTime>2024-08-31 21:10:18 UTC</createdTime>
<generatorID>C6805421-161C-3385-8AA1-1C27F8E5E357</generatorID>
<ownerDesignName>superALpes</ownerDesignName>
<engineerTo>
<item key="C7B284EF-EC1E-3FDB-F2A8-405BB2FFA784" value="true"/>
</engineerTo>
<referedAttribute>8BA0BBC7-F7EA-BBB9-86AC-68EADF1300AB</referedAttribute>
<useDomainConstraints>false</useDomainConstraints>
<use>1</use>
<logicalDatatype>LOGDT019</logicalDatatype>
<ownDataTypeParameters>,,</ownDataTypeParameters>
</Attribute>
</attributes>
<identifiers itemClass="oracle.dbtools.crest.model.design.logical.CandidateKey">
<identifier id="335FAC3D-700C-859E-C8AB-FBC5F1AEE333" name="ProductoBodega PK">
<createdBy>catalinavillacris</createdBy>
<createdTime>2024-08-31 21:02:04 UTC</createdTime>
<ownerDesignName>superALpes</ownerDesignName>
<engineerTo>
<item key="C7B284EF-EC1E-3FDB-F2A8-405BB2FFA784" value="true"/>
</engineerTo>
<pk>true</pk>
<usedAttributes>
<attributeRef>CE38BDE6-0475-9026-8F0E-DCB7E2E10A52</attributeRef>
</usedAttributes>
</identifier>
</identifiers>
</Entity>